explored_users,skipped_users
,
 ,ipminow
,
 ,jobacle
,
 ,mapbroward
,
 ,_icecreamcake__
,
 ,_smartageing_
,
 ,aphsa1
,
 ,oia_usk
,
 ,messybedroom
,
 ,taghouston
,
 ,hopkinsamp
,
 ,informationday2
,
 ,thalesmea
,
 ,meeramimie
,
 ,fromgen2gen
,
 ,youngerandfever
,
 ,ccs_detroit
,
 ,possabilityppl
,
 ,melissasmiltos
,
 ,asciiqwerty
,
 ,tacomatopia
,
 ,theoncopt
,
 ,hypori_vm
,
 ,coreresponse_
,
 ,ltadpartners
,
 ,itstiatime00
,
 ,afrotech
,
 ,gboeyens
,
 ,miamifoundation
,
 ,donalconlon
,
 ,aeconservatoire
,
 ,the_acu
,
 ,weynatten
,
 ,cuhkglobal
,
 ,steeperclinic
,
 ,tommers71
,
 ,plusrelocation
,
 ,motusdotcom
,
 ,ccbatexas
,
 ,climatechance
,
 ,abruzzoconnect
,
 ,climatechance
,
 ,timestechbuzz
,
 ,firenice7700
,
 ,climatechance
,
 ,ccit_fraunhofer
,
 ,aheadp_ship
,
 ,vishall30067075
,
 ,kay2531388510
,
 ,arts4allflorida
,
 ,foreignpolicywd
,
 ,techjasond
,
 ,canada4news
,
 ,newsroomgc
,
 ,newmobilitymag
,
 ,ykrupnikov
,
 ,fogoros
,
 ,gordana_collier
,
 ,msetgovjm
,
 ,slravens
,
 ,mobilityjackson
,
 ,guidant_global
,
 ,jvicentpastor
,
 ,georgetowntx
,
 ,newwoodlandslv
,
 ,nafsa
,
 ,ctxmobility
,
 ,docklessbikeman
,
 ,lifefitwellness
,
 ,massblind
,
 ,gemturfer
,
 ,autocarpro
,
 ,5gaa_official
,
 ,virtualtracey
,
 ,virtualtracey
,
 ,innoconf
,
 ,worldonwheels99
,
 ,cathjeanneau
,
 ,the_acu
,
 ,warwicklanguage
,
 ,pureexecrecruit
,
 ,pureresourcing
,
 ,iuk_edge_sw
,
 ,skrods
,
 ,apru1997
,
 ,mmn_1984
,
 ,busterthestrong
,
 ,docklessbikeman
,
 ,mobiliteactive
,
 ,gadgetsmagazine
,
 ,downing_brett
,
 ,cityoftampa
,
 ,needthese
,
 ,idsa
,
 ,unioldenburg
,
 ,geriterc
,
 ,joinhandshakeuk
,
 ,clusters_eu
,
 ,qudocloud
,
 ,itsestonia
,
 ,eurice_eu
,
 ,jensvermeersch
,
 ,skrods
,
 ,karimeu
,
 ,ucv_svm
,
 ,hrtechfeed
,
 ,wubodtalk
,
 ,techjasond
,
 ,chnw
,
 ,elena_ortiz
,
 ,bgrsmobility
,
 ,vetster
,
 ,chiroone
,
 ,rwi_synthetics
,
 ,becmainc
,
 ,columbialight
,
 ,pridemobility
,
 ,covmflhub
,
 ,unccui
,
 ,pridemobilityes
,
 ,wfrising
,
 ,rookthebird
,
 ,bock_mama
,
 ,tugyanadil
,
 ,crybabyirel
,
 ,vaquest
,
 ,mediendidaktik
,
 ,tinawalkslondon
,
 ,subenelux
,
 ,ppwfc
,
 ,d4gordonmar
,
 ,sfcta
,
 ,sg_calcio
,
 ,af_sbir_sttr
,
 ,richmondsunset
,
 ,embassiessteam
,
 ,myyellowwindow
,
 ,_peterivanov_
,
 ,tvwnews
,
 ,emilyjmossburg
,
 ,industrialveth2
,
 ,globaldevinst
,
 ,outandaboutuk
,
 ,hacontimetable
,
 ,madeirafiware
,
 ,madeirafiware
,
 ,missionhillssd
,
 ,embassiessteam
,
 ,iampeterpeterka
,
 ,danielstamra
,
 ,misledgeekboy
,
 ,thereadystate
,
 ,mun_students
,
 ,mobilitycity_
,
 ,huitt_zollars
,
 ,hirecentennial
,
 ,modatl
,
 ,fiware
,
 ,cllrkatie
,
 ,fiware
,
 ,nuair
,
 ,alstomcanada
,
 ,acupcatalunya
,
 ,idmobilio
,
 ,richardhicks
,
 ,urbaniteh2020
,
 ,terasjabar_1
,
 ,djdj_derek
,
 ,timlemunyondtlk
,
 ,wetechalliance
,
 ,arangoyabilbao
,
 ,sandag
,
 ,vacayability
,
 ,mntrinstitute
,
 ,embassiessteam
,
 ,guzmand
,
 ,marijemichel
,
 ,glomotax
,
 ,lizziemorelli1
,
 ,bibiiojoon
,
 ,leighspaterson
,
 ,madeirafiware
,
 ,madeirafiware
,
 ,fiware
,
 ,fiware
,
 ,myuplyft
,
 ,stevensinit
,
 ,askkbcireland
,
 ,uoncbps
,
 ,thezakdaddy
,
 ,itdp_hq
,
 ,globaldevinst
,
 ,kyperformingart
,
 ,bae_triss
,
 ,aapscdt
,
 ,colegiojaby
,
 ,showstoppers
,
 ,showstoppers
,
 ,industrialveth2
,
 ,fiware
,
 ,usconsfrankfurt
,
 ,scuolecefaroma
,
 ,pilatesbyruth
,
 ,cloud_xpert
,
 ,fsmvuint
,
 ,texasconsortium
,
 ,evdispatch
,
 ,windle_tom
,
 ,felicityphysio
,
 ,knoxtpo
,
 ,embassiessteam
,
 ,trolley_run
,
 ,thezakdaddy
,
 ,madeirafiware
,
 ,fiware
,
 ,qcchicago
,
 ,sftida
,
 ,misa
,
 ,maureenjohnson
,
 ,tradekey
,
 ,demiepuran
,
 ,vegarch
,
 ,virtual_mexican
,
 ,madeirafiware
,
 ,netinvet
,
 ,fiware
,
 ,fnbnews
,
 ,closehr1
,
 ,headlinemediapr
,
 ,conti_press
,
 ,juanman46827160
,
 ,itoworld
,
 ,heriard
,
 ,policycult
,
 ,shalakajoshi
,
 ,columbialight
,
 ,camberene1
,
 ,gen_180
,
 ,embassiessteam
,
 ,ceippepedamaso
,
 ,mun_students
,
 ,francetoronto
,
 ,plugandplaytc
,
 ,euyouth_osm
,
 ,gallupedc
,
 ,mimc_carnegie
,
 ,nat_rtap
,
 ,its_sti
,
 ,blendmedia_360
,
 ,colegiojaby
,
 ,pnagovph
,
 ,colegiojaby
,
 ,colegiojaby
,
 ,noordltd
,
 ,ericksanrob
,
 ,pradeeban
,
 ,communityvisio2
,
 ,ridzays_
,
 ,yumikokokuryu
,
 ,compasslist
,
 ,debmayers24
,
 ,dreateran
,
 ,azyouknow
,
 ,gletham
,
 ,itkan_chicago
,
 ,mhnra_forchuk
,
 ,24writeups
,
 ,headlinemediapr
,
 ,nextbillion
,
 ,ronandradep
,
 ,glixel_glaxel
,
 ,computersurger4
,
 ,24x7page
,
 ,evgsvenja
,
 ,sdcaltrans
,
 ,kinesia_pilates
,
 ,barnardcollege
,
 ,mhnra_forchuk
,
 ,oecscommission
,
 ,talkscapes
,
 ,pauldavidbaines
,
 ,nextbillion
,
 ,populus_ai
,
 ,janselmer_jgm
,
 ,alevicencio
,
 ,parkwoodinstres
,
 ,accessyourlife
,
 ,dep_transpotech
,
 ,texasconsortium
,
 ,newsbakersa
,
 ,ctouch_displays
,
 ,virtual_vic
,
 ,oklahomatransit
,
 ,nelsonnygaard
,
 ,numoalliance
,
 ,northern_bi
,
 ,sfcta
,
 ,lavendercrew
,
 ,forthmobility
,
 ,tnadvenergy
,
 ,mhnra_forchuk
,
 ,annenbergcargc
,
 ,klshack
,
 ,eu_gnss
,
 ,erovet_eu
,
 ,alegtostandon
,
 ,german_inno_
,
 ,scarborogolf
,
 ,qcchicago
,
 ,nikkeiaustralia
,
 ,vital_village
,
 ,eventmarketer
,
 ,gpstogo
,
 ,hupmobile_bsr
,
 ,thenickyh
,
 ,dhorizons
,
 ,flightlevelsac
,
 ,smartstateindia
,
 ,ubc_sustainable
,
 ,hupmobile_bsr
,
 ,drgolfglobal
,
 ,hikagonne
,
 ,geo_baker_1
,
 ,adamscountygov
,
 ,oklahomatransit
,
 ,cotabus
,
 ,nelsonnygaard
,
 ,carletonsssc
,
 ,saeintl
,
 ,vepaausa
,
 ,ifarsala
,
 ,cityofwestsac
,
 ,glomotax
,
 ,euresjob
,
 ,maas_alliance
,
 ,jaecyclovir
,
 ,newflyer
,
 ,conversionstbc
,
 ,ia_at_thkoeln
,
 ,aiacnj
,
 ,jakobstougaard
,
 ,sumombatuberlin
,
 ,juanfrandma
,
 ,uniworldnews
,
 ,wanitasukses
,
 ,richardhicks
,
 ,socialmedia_car
,
 ,etauto
,
 ,etauto
,
 ,etauto
,
 ,emhartsoch
,
 ,n_laba
,
 ,raytravelsng
,
 ,oklahomatransit
,
 ,ridereport
,
 ,_timcartmell
,
 ,may_mobility
,
 ,mhnra_forchuk
,
 ,itdp_hq
,
 ,valtixinc
,
 ,nasaglenn
,
 ,clip_bike
,
 ,nato_pascad
,
 ,parkwoodinstres
,
 ,euyouth_osm
,
 ,ecoangelhsu
,
 ,fraternalwriter
,
 ,amandine_rcr
,
 ,otternyatlaw
,
 ,taekwondocymru
,
 ,innoenergybn
,
 ,ministergaywin
,
 ,naiasdetroit
,
 ,iesausiasgandia
,
 ,sgilmoredist11
,
 ,cltgov
,
 ,sharedusecntr
,
 ,alstom
,
 ,tomtomdevs
,
 ,joinetma
,
 ,nurobots
,
 ,sidleylaw
,
 ,calstart
,
 ,uop_ccj
,
 ,columbialight
,
 ,mhnra_forchuk
,
 ,penalosa_g
,
 ,usgbc
,
 ,fenews
,
 ,tripsparktech
,
 ,investatlanta
,
 ,luminatelmi
,
 ,agoraverkehr
,
 ,linkuscolumbus
,
 ,yasarunieuc
,
 ,amodo_iot
,
 ,dywnh_skills
,
 ,francis_rojo_
,
 ,ukinmalaysia
,
 ,selfdrivingc
,
 ,aseforg
,
 ,ashrandums
,
 ,wvaeu
,
 ,lisa_swgosforth
,
 ,thunderboltsix
,
 ,bimedotcom
,
 ,gregohan77
,
 ,mridulya
,
 ,anjakeister
,
 ,tomgorman123
,
 ,prpnews
,
 ,kpmgmexico
,
 ,ridereport
,
 ,rossbaruzzini
,
 ,17forward86
,
 ,borrisokanecc
,
 ,borrisokanecc
,
 ,pfnca
,
 ,reginaclewlow
,
 ,arvindvijh
,
 ,chrisjherndon
,
 ,trapezegroup
,
 ,sehit_fen
,
 ,plannergaby
,
 ,move_event
,
 ,martyngmorris
,
 ,pinkcreamjae
,
 ,slimmingworld
,
 ,souvik_dey88
,
 ,aiacnj
,
 ,martyngmorris
,
 ,ucam_global
,
 ,compostelagroup
,
 ,ucam_opri
,
 ,mkumar52154228
,
 ,mirandaforward6
,
 ,populus_ai
,
 ,ambergrewal
,
 ,isoc_live
,
 ,sandag
,
 ,annenbergcargc
,
 ,veryepicwizard
,
 ,iorworld
,
 ,blueprintia2020
,
 ,yyctransport
,
 ,cityofcalgary
,
 ,destl_info
,
 ,sdcaltrans
,
 ,parkwoodinstres
,
 ,senegambiansg
,
 ,clearflameeng
,
 ,qcomresearch
,
 ,calstart
,
 ,parametrix_inc
,
 ,cristianapino
,
 ,jessleighjones1
,
 ,davidzipper
,
 ,numoalliance
,
 ,bristolig
,
 ,vdauntdeloitte
,
 ,barbarazadravel
,
 ,profspickering
,
 ,unc_press
,
 ,faradayfuture
,
 ,assureuas
,
 ,sandag
,
 ,azpublicmedia
,
 ,idiversesync
,
 ,aa_stabilisiert
,
 ,automobilityla
,
 ,sincusa
,
 ,rsvl_transit
,
 ,thinkers50
,
 ,myfdot_sefl
,
 ,blueprintia2020
,
 ,als_nne
,
 ,wmnetwork
,
 ,mapcmetroboston
,
 ,saintscollege
,
 ,cristina_fiware
,
 ,headlinemediapr
,
 ,ndomiddlesex
,
 ,iesausiasgandia
,
 ,martyngmorris
,
 ,aiya_national
,
 ,mguerrerowsac
,
 ,sdclimatenetwrk
,
 ,acicis
,
 ,swoop_aero
,
 ,cityofwestsac
,
 ,mariannmeedward
,
 ,gordonachaffin
,
 ,street__justice
,
 ,ddotdc
,
 ,indiana_edc
,
 ,seekingalpha
,
 ,may_mobility
,
 ,hammerstonemar3
,
 ,rta_chicago
,
 ,connectpointdig
,
 ,sandag
,
 ,nadomagala
,
 ,autodesku
,
 ,_shattabandle
,
 ,globbalconnect
,
 ,ncsventures
,
 ,gregorydevans
,
 ,iajunews
,
 ,m157q_news_rss
,
 ,feedastn
,
 ,estream_studios
,
 ,flashparking
,
 ,move_event
,
 ,saedetroit
,
 ,vanierinstitute
,
 ,drlucascholz
,
 ,latamobility
,
 ,janfromthebruce
,
 ,kargerkrista
,
 ,cpteensuk
,
 ,robodowd
,
 ,compostelagroup
,
 ,acicis
,
 ,kura_yuuchann
,
 ,myfdot_sefl
,
 ,kinesia_pilates
,
 ,pozezjcc
,
 ,englandnetball
,
 ,overhaulinc
,
 ,mazarsinus
,
 ,mazarsinus
,
 ,thecilofficial
,
 ,katherinemangan
,
 ,gallupedc
,
 ,nycetc_org
,
 ,fiu
,
 ,erasmusnomi
,
 ,mobilityfrkids
,
 ,brownejacobson
,
 ,electricroadmap
,
 ,move_event
,
 ,wbg_transport
,
 ,renatajlopes
,
 ,maas_alliance
,
 ,juanfrandma
,
 ,candriam
,
 ,hur1969
,
 ,pagepgp
,
 ,juanfrandma
,
 ,hmte_unpad
,
 ,augmented_city
,
 ,ideafit
,
 ,cbdynamix
,
 ,pozezjcc
,
 ,ministergaywin
,
 ,borrisokanecc
,
 ,itkan_chicago
,
 ,viviiingo
,
 ,ministergaywin
,
 ,ministergaywin
,
 ,kumarrohit574
,
 ,smontigaud
,
 ,eudyzerpa
,
 ,pbambridge
,
 ,crosslinkerai
,
 ,melskitrading
,
 ,launchtn
,
 ,achievethedream
,
 ,gentherm
,
 ,suriyasubraman
,
 ,milocamj
,
 ,kingnormies
,
 ,hedyfry
,
 ,mazarsinus
,
 ,knoxtpo
,
 ,blueprintia2020
,
 ,n_ripmeester
,
 ,evtrading
,
 ,upstreamauto
,
 ,earlymobility1
,
 ,manpree31938145
,
 ,iauintoffice
,
 ,move_event
,
 ,ey_automotive
,
 ,brownejacobson
,
 ,mazarsgroup
,
 ,bengubostanci
,
 ,crosslinkerai
,
 ,oleeo_
,
 ,kierconstruct
,
 ,snglr3
,
 ,tehnopol
,
 ,vda_online
,
 ,chonkypupperina
,
 ,iauerasmus
,
 ,acicis
,
 ,ukprwire
,
 ,euprwire
,
 ,clickpresshq
,
 ,utm_i
,
 ,naiasdetroit
,
 ,cglacroix
,
 ,remsaofficial
,
 ,accessboard
,
 ,forumea
,
 ,geaugalibrary
,
 ,ediscompany
,
 ,rossbaruzzini
,
 ,northern_bi
,
 ,oraclehosp
,
 ,transdevna
,
 ,nbaa
,
 ,fernandomgalan
,
 ,swedeninee
,
 ,charnwoodbc
,
 ,boschfrance
,
 ,allstocknews
,
 ,stocknewsbot2
,
 ,crweworld
,
 ,stock_titan
,
 ,mamarose84
,
 ,_cpsl
,
 ,covuniresearch
,
 ,bengubostanci
,
 ,sallyeaves
,
 ,acicis
,
 ,emuni
,
 ,joerigalas
,
 ,interculturalts
,
 ,groupofeight
,
 ,edwardbolen
,
 ,cityburlington
,
 ,jolymacfie
,
 ,isoc_live
,
 ,lenaweenow
,
 ,parkwoodinstres
,
 ,mhnra_forchuk
,
 ,saeintl
,
 ,novaunl
,
 ,unesco_iesalc
,
 ,coralspringsfl
,
 ,activecharnwood
,
 ,tamk_uas
,
 ,grvc_us
,
 ,myfdot_sefl
,
 ,notredameenergy
,
 ,rowenaa
,
 ,otonomo_
,
 ,ot_vpresearch
,
 ,thespacshack
,
 ,bengubostanci
,
 ,mamarose84
,
 ,bengubostanci
,
 ,bengubostanci
,
 ,ahlfeldt
,
 ,synergyh2020
,
 ,furkj
,
 ,move_event
,
 ,ent_mobility_au
,
 ,teachereducati5
,
 ,diando70
,
 ,futurecar_media
,
 ,sarissasays
,
 ,bancorepublica
,
 ,mamarose84
,
 ,joinetma
,
 ,bob04183396
,
 ,icpsrsummer
,
 ,myfdot_sefl
,
 ,onemettel
,
 ,parkwoodinstres
,
 ,mhnra_forchuk
,
 ,mariannmeedward
,
 ,numoalliance
,
 ,clusteree
,
 ,medwayhyundai
,
 ,twhyundai
,
 ,josh_deegan
,
 ,cassiopeia_ltd
,
 ,bosch_ai
,
 ,opportunitydesk
,
 ,elautoclave
,
 ,kescholarship
,
 ,enterprisecon
,
 ,austageagenda
,
 ,ppnumba1
,
 ,boob_ology
,
 ,adefensenews
,
 ,masssupport_org
,
 ,ophthopedia
,
 ,einsoftwarenews
,
 ,cs_autoteam
,
 ,semiconex
,
 ,gallupedc
,
 ,melissajboggan
,
 ,myfdot_sefl
,
 ,mazarsgroup
,
 ,ibigroup
,
 ,wrirosscities
,
 ,erlangsolutions
,
 ,mobilitydataio
,
 ,kristenb01
,
 ,edufi_highered
,
 ,danielastel
,
 ,kevin_odonovan
,
 ,igefso
,
 ,socialmedia_car
,
 ,moveoneinc
,
 ,bykko_au
,
 ,melskitrading
,
 ,hoopheadspod
,
 ,smartcitiesw
,
 ,willowa2
,
 ,francishumes14
,
 ,hikingskiing
,
 ,hoopheadspod
,
 ,dieterpscheidl
,
 ,ey_automotive
,
 ,barneyfarmer
,
 ,reviewregional
,
 ,emcsacongress
,
 ,memadc
,
 ,thebtmo
,
 ,aphfortheblind
,
 ,missjodic1
,
 ,candorailltd
,
 ,shari_scholte
,
 ,hoopheadspod
,
 ,hamiltonecdev
,
 ,wwwbhta
,
 ,aphfortheblind
,
 ,relocatemag
,
 ,yptvoice
,
 ,parkwoodinstres
,
 ,mhnra_forchuk
,
 ,ync_ozturk
,
 ,__oliviagordon
,
 ,humanvers2
,
 ,ampere_ev
,
 ,ofreforma
,
 ,malvernhills_dc
,
 ,david_patto
,
 ,the_mover_mag
,
 ,unicologneio
,
 ,liliangreenwood
,
 ,acicis
,
 ,robust_vehicles
,
 ,acicis
,
 ,unsw
,
 ,freddyb08
,
 ,nasaaero
,
 ,ashleyinnrv
,
 ,j_single12
,
 ,j_single12
,
 ,ot_alumni
,
 ,linkuscolumbus
,
 ,kasimreed
,
 ,lsheltongross
,
 ,tarapaca247
,
 ,hoopheadspod
,
 ,speakup_broward
,
 ,a11ynews
,
 ,myfdot_sefl
,
 ,armineyalnizyan
,
 ,phillipfarris1
,
 ,mohu_centre
,
 ,randymiller_ey
,
 ,ey_automotive
,
 ,azmibinanuar
,
 ,tke_global
,
 ,71altay
,
 ,ibaevents
,
 ,ietfindia
,
 ,bocciaengland
,
 ,ibaevents
,
 ,brerbear
,
 ,unkhoolist
,
 ,pavecampaign
,
 ,airmobilitycmd
,
 ,pavecampaign
,
 ,tamuchhp1
,
 ,bikewalkbus
,
 ,myfdot_sefl
,
 ,chrisjherndon
,
 ,katrinawte
,
 ,hoopheadspod
,
 ,numoalliance
,
 ,aphfortheblind
,
 ,pavecampaign
,
 ,ey_automotive
,
 ,chunschofsky
,
 ,autocarindiamag
,
 ,mlbelem
,
 ,mobilitymi
,
 ,ibaevents
,
 ,automobilsport
,
 ,pilatesbyruth
,
 ,sharmilart
,
 ,si_nfpa
,
 ,lanniespencer4
,
 ,newsfilterio
,
 ,evergreenford
,
 ,nurobots
,
 ,otcdynamics
,
 ,crweworld
,
 ,stock_titan
,
 ,planetizen
,
 ,mathseverywher1
,
 ,drivingma4ward
,
 ,calbike
,
 ,aydangulerce
,
 ,drokeye
,
 ,haltech_ric
,
 ,ounikola
,
 ,quantumscapeco
,
 ,deslogeslaw
,
 ,soldieroncan
,
 ,hoopheadspod
,
 ,grupo_panorama
,
 ,luum
,
 ,relocatemag
,
 ,orilliaprc
,
 ,byadavbjp
,
 ,purplebeargrou1
,
 ,linkuscolumbus
,
 ,pavecampaign
,
 ,motorinfosys
,
 ,mc_optiontrades
,
 ,71altay
,
 ,croacfire
,
 ,turbochargedmag
,
 ,klasgroup
,
 ,carindia
,
 ,hyundai_uk_pr
,
 ,acimagazine
,
 ,cvmagazine
,
 ,robust_vehicles
,
 ,ministergaywin
,
 ,nnasoffiya
,
 ,jatomexico
,
 ,liveyourlife_pt
,
 ,cadecunninghamc
,
 ,picksbyshap
,
 ,malvernhills_dc
,
 ,drokeye
,
 ,aphfortheblind
,
 ,move_event
,
 ,aftvitaliy
,
 ,timslusser
,
 ,smallcapsdaily
,
 ,latamobility
,
 ,un_mappers
,
 ,commonpurpose
,
 ,ihsmarkit
,
 ,pavecampaign
,
 ,euyouth_osm
,
 ,aphfortheblind
,
 ,carlosthepap
,
 ,canembdr
,
 ,wwwbhta
,
 ,eurodesk
,
 ,rtcnorth
,
 ,odileeds
,
 ,lhnug
,
 ,yesicanstayfit
,
 ,otcdynamics
,
 ,marketwn
,
 ,crweworld
,
 ,stckpro
,
 ,newsfilterio
,
 ,marketchmln
,
 ,frontneurol
,
 ,chcayyc
,
 ,thereadystate
,
 ,thereadystate
,
 ,ibaevents
,
 ,bikewalkbus
,
 ,erasmusvillage
,
 ,aphfortheblind
,
 ,aohereng
,
 ,robopreneur
,
 ,tinabit
,
 ,grace_sourcer
,
 ,dellemcstorage
,
 ,spectrum_db
,
 ,peterdobler
,
 ,doblerco
,
 ,tafadzwagutsa
,
 ,maille_f
,
 ,australianarmy
,
 ,joml76
,
 ,marketchmln
,
 ,hoopheadspod
,
 ,canadaperu
,
 ,virtual_dom
,
 ,theapricotcider
,
 ,aphfortheblind
,
 ,pasajero7
,
 ,enterprisecon
,
 ,clehousingcourt
,
 ,bleeloganberg
,
 ,malvernhills_dc
,
 ,markkremers6
,
 ,mkbess
,
 ,clarkpacific
,
 ,automotores_inf
,
 ,hoopheadspod
,
 ,canembpanama
,
 ,simplenexus
,
 ,ubc_cogmoblab
,
 ,chrisjherndon
,
 ,adam_evans0310
,
 ,automotores_inf
,
 ,sincusa
,
 ,automotiveworld
,
 ,canembpanama
,
 ,miragenewscom
,
 ,pavecampaign
,
 ,numoalliance
,
 ,spectrum_db
,
 ,peterdobler
,
 ,doblerco
,
 ,voltrek_llc
,
 ,unesco_iesalc
,
 ,phoenixparkopw
,
 ,kinstellaro
,
 ,alisontaysum
,
 ,gaebel_michael
,
 ,ubcmigration
,
 ,tfitb
,
 ,coachgreen21
,
 ,transporteinfo
,
 ,transporteinfo
,
 ,suiteamerica
,
 ,societyforepi
,
 ,labctweets
,
 ,yvonnepilon
,
 ,gfcwalterstown
,
 ,autosmemolira
,
 ,pressandguide
,
 ,opwireland
,
 ,matymad
,
 ,thebeat_co
,
 ,stlccworkforce
,
 ,minamperu
,
 ,rmovilidad3
,
 ,amaveasociacion
,
 ,canembcrhnni
,
 ,fuzzyone10
,
 ,sc_innovation
,
 ,patrickoriordan
,
 ,picante_media
,
 ,newsfrombw
,
 ,eurotechua
,
 ,valmetglobal
,
 ,_lucbontemps
,
 ,amma_aboagye
,
 ,energiahoy
,
 ,auroragov
,
 ,alcamiinteract
,
 ,49bespoke
,
 ,mulla_talk
,
 ,devitopi
,
 ,automaniapr
,
 ,moballisephysio
,
 ,dipnotz
,
 ,ctransp
,
 ,techinitiatives
,
 ,stlcccorporate
,
 ,thebeatapp
,
 ,agjoseluis1
,
 ,ua_magazine
,
 ,yorkunews
,
 ,yuteaching
,
 ,diprajha
,
 ,hemisphericcons
,
 ,happyhealthsci1
,
 ,vcusomiteach
,
 ,desigann76
,
 ,leefallin
,
 ,polestarel
,
 ,webhat
,
 ,drvickiecook
,
 ,columbiaonline
,
 ,wittsalley
,
 ,mobilelearning
,
 ,susiesusee
,
 ,hemisphericcons
,
 ,happyhealthsci1
,
 ,hemisphericcons
,
 ,vcusomiteach
,
 ,desigann76
,
 ,leefallin
,
 ,hemisphericcons
,
 ,happyhealthsci1
,
 ,hemisphericcons
