explored_users,skipped_users1paulowe, 
 ,username
ipminow, 
jobacle, 
mapbroward, 
_icecreamcake__, 
_smartageing_, 
aphsa1, 
oia_usk, 
messybedroom, 
 ,taghouston
hopkinsamp, 
informationday2, 
thalesmea, 
meeramimie, 
fromgen2gen, 
youngerandfever, 
ccs_detroit, 
possabilityppl, 
melissasmiltos, 
possabilityppl, 
possabilityppl, 
asciiqwerty, 
tacomatopia, 
theoncopt, 
hypori_vm, 
coreresponse_, 
 ,ltadpartners
 ,hypori_vm
 ,possabilityppl
 ,itstiatime00
 ,possabilityppl
 ,afrotech
 ,gboeyens
 ,possabilityppl
 ,miamifoundation
 ,donalconlon
 ,hopkinsamp
 ,aeconservatoire
 ,the_acu
 ,weynatten
 ,cuhkglobal
 ,steeperclinic
 ,tommers71
 ,hypori_vm
 ,plusrelocation
 ,aphsa1
 ,motusdotcom
 ,ccbatexas
 ,climatechance
 ,abruzzoconnect
 ,hopkinsamp
 ,climatechance
 ,timestechbuzz
 ,firenice7700
 ,climatechance
 ,ccit_fraunhofer
 ,aheadp_ship
 ,vishall30067075
 ,kay2531388510
 ,arts4allflorida
 ,foreignpolicywd
 ,techjasond
 ,canada4news
 ,newsroomgc
 ,newmobilitymag
 ,ykrupnikov
 ,fogoros
 ,gordana_collier
 ,msetgovjm
 ,slravens
 ,hypori_vm
 ,mobilityjackson
 ,guidant_global
 ,jvicentpastor
 ,georgetowntx
 ,newwoodlandslv
 ,nafsa
 ,ctxmobility
 ,possabilityppl
 ,docklessbikeman
 ,lifefitwellness
 ,massblind
 ,gemturfer
 ,autocarpro
 ,aphsa1
 ,5gaa_official
 ,virtualtracey
 ,possabilityppl
 ,virtualtracey
 ,innoconf
 ,possabilityppl
 ,worldonwheels99
 ,cathjeanneau
 ,the_acu
 ,warwicklanguage
 ,pureexecrecruit
 ,pureresourcing
 ,iuk_edge_sw
 ,skrods
 ,apru1997
 ,mmn_1984
 ,busterthestrong
 ,docklessbikeman
 ,hypori_vm
 ,mobiliteactive
 ,gadgetsmagazine
 ,downing_brett
 ,cityoftampa
 ,needthese
 ,idsa
 ,unioldenburg
 ,geriterc
 ,joinhandshakeuk
 ,clusters_eu
 ,qudocloud
 ,itsestonia
 ,eurice_eu
 ,jensvermeersch
 ,skrods
 ,karimeu
 ,ucv_svm
 ,hrtechfeed
 ,wubodtalk
 ,techjasond
 ,chnw
 ,elena_ortiz
 ,bgrsmobility
 ,vetster
 ,hypori_vm
 ,chiroone
 ,rwi_synthetics
 ,becmainc
 ,columbialight
 ,possabilityppl
 ,pridemobility
 ,covmflhub
 ,possabilityppl
 ,unccui
 ,pridemobilityes
 ,climatechance
 ,possabilityppl
 ,aphsa1
 ,the_acu
 ,wfrising
 ,rookthebird
 ,bock_mama
 ,tugyanadil
 ,gemturfer
 ,crybabyirel
 ,vaquest
 ,mediendidaktik
 ,tinawalkslondon
 ,subenelux
 ,ppwfc
 ,d4gordonmar
 ,gemturfer
 ,sfcta
 ,sg_calcio
 ,af_sbir_sttr
 ,cityoftampa
 ,richmondsunset
 ,hypori_vm
 ,embassiessteam
 ,the_acu
 ,myyellowwindow
 ,bgrsmobility
 ,_peterivanov_
 ,tvwnews
 ,possabilityppl
 ,taghouston
 ,emilyjmossburg
 ,possabilityppl
 ,industrialveth2
 ,possabilityppl
 ,globaldevinst
 ,outandaboutuk
 ,hacontimetable
 ,madeirafiware
 ,madeirafiware
 ,missionhillssd
 ,embassiessteam
 ,taghouston
 ,iampeterpeterka
 ,danielstamra
 ,misledgeekboy
 ,thereadystate
 ,mun_students
 ,mobilitycity_
 ,huitt_zollars
 ,hirecentennial
 ,modatl
 ,fiware
 ,cllrkatie
 ,fiware
 ,nuair
 ,alstomcanada
 ,aphsa1
 ,acupcatalunya
 ,idmobilio
 ,possabilityppl
 ,richardhicks
 ,urbaniteh2020
 ,terasjabar_1
 ,djdj_derek
 ,timlemunyondtlk
 ,wetechalliance
 ,arangoyabilbao
 ,sandag
 ,vacayability
 ,mntrinstitute
 ,embassiessteam
 ,guzmand
 ,taghouston
 ,hypori_vm
 ,marijemichel
 ,glomotax
 ,fogoros
 ,lizziemorelli1
 ,bibiiojoon
 ,leighspaterson
 ,madeirafiware
 ,madeirafiware
 ,fiware
 ,fiware
 ,myuplyft
 ,stevensinit
 ,askkbcireland
 ,uoncbps
 ,thezakdaddy
 ,itdp_hq
 ,globaldevinst
 ,kyperformingart
 ,bae_triss
 ,aapscdt
 ,colegiojaby
 ,showstoppers
 ,showstoppers
 ,industrialveth2
 ,fiware
 ,usconsfrankfurt
 ,scuolecefaroma
 ,pilatesbyruth
 ,cloud_xpert
 ,fsmvuint
 ,texasconsortium
 ,evdispatch
 ,windle_tom
 ,felicityphysio
 ,knoxtpo
 ,embassiessteam
 ,trolley_run
 ,thezakdaddy
 ,taghouston
 ,hypori_vm
 ,madeirafiware
 ,fiware
 ,qcchicago
 ,sftida
 ,misa
 ,maureenjohnson
 ,tradekey
 ,demiepuran
 ,vegarch
 ,virtual_mexican
 ,madeirafiware
 ,netinvet
 ,fiware
 ,fnbnews
 ,closehr1
 ,headlinemediapr
 ,gadgetsmagazine
 ,conti_press
 ,juanman46827160
 ,itoworld
 ,heriard
 ,policycult
 ,shalakajoshi
 ,taghouston
 ,columbialight
 ,camberene1
 ,becmainc
 ,gen_180
 ,bgrsmobility
 ,embassiessteam
 ,ceippepedamaso
 ,hypori_vm
 ,mun_students
 ,francetoronto
 ,plugandplaytc
 ,euyouth_osm
 ,gallupedc
 ,mimc_carnegie
 ,nat_rtap
 ,its_sti
 ,aphsa1
 ,the_acu
 ,blendmedia_360
 ,colegiojaby
 ,pnagovph
 ,colegiojaby
 ,colegiojaby
 ,noordltd
 ,ericksanrob
 ,pradeeban
 ,communityvisio2
 ,ridzays_
 ,yumikokokuryu
 ,compasslist
 ,debmayers24
 ,dreateran
 ,azyouknow
 ,gletham
 ,itkan_chicago
 ,mhnra_forchuk
 ,24writeups
 ,headlinemediapr
 ,nextbillion
 ,ronandradep
 ,glixel_glaxel
 ,computersurger4
 ,24x7page
 ,evgsvenja
 ,sdcaltrans
 ,aphsa1
 ,needthese
 ,kinesia_pilates
 ,barnardcollege
 ,hypori_vm
 ,mhnra_forchuk
 ,oecscommission
 ,talkscapes
 ,pauldavidbaines
 ,nextbillion
 ,hypori_vm
 ,populus_ai
 ,janselmer_jgm
 ,alevicencio
 ,parkwoodinstres
 ,accessyourlife
 ,dep_transpotech
 ,texasconsortium
 ,newsbakersa
 ,ctouch_displays
 ,virtual_vic
 ,oklahomatransit
 ,nelsonnygaard
 ,numoalliance
 ,hypori_vm
 ,taghouston
 ,northern_bi
 ,sfcta
 ,lavendercrew
 ,forthmobility
 ,tnadvenergy
 ,mhnra_forchuk
 ,annenbergcargc
 ,klshack
 ,eu_gnss
 ,erovet_eu
 ,alegtostandon
 ,german_inno_
 ,scarborogolf
 ,qcchicago
 ,nikkeiaustralia
 ,vital_village
 ,eventmarketer
 ,gpstogo
 ,hupmobile_bsr
 ,thenickyh
 ,dhorizons
 ,flightlevelsac
 ,smartstateindia
 ,ubc_sustainable
 ,hupmobile_bsr
 ,drgolfglobal
 ,hikagonne
 ,geo_baker_1
 ,adamscountygov
 ,needthese
 ,oklahomatransit
 ,cotabus
 ,nelsonnygaard
 ,carletonsssc
 ,saeintl
 ,vepaausa
 ,ifarsala
 ,cityofwestsac
 ,glomotax
 ,hypori_vm
 ,euresjob
 ,maas_alliance
 ,itsestonia
 ,jaecyclovir
 ,newflyer
 ,conversionstbc
 ,ia_at_thkoeln
 ,aiacnj
 ,jakobstougaard
 ,sumombatuberlin
 ,juanfrandma
 ,uniworldnews
 ,wanitasukses
 ,richardhicks
 ,socialmedia_car
 ,etauto
 ,etauto
 ,etauto
 ,emhartsoch
 ,n_laba
 ,raytravelsng
 ,oklahomatransit
 ,ridereport
 ,_timcartmell
 ,may_mobility
 ,mhnra_forchuk
 ,hypori_vm
 ,itdp_hq
 ,valtixinc
 ,nasaglenn
 ,clip_bike
 ,nato_pascad
 ,parkwoodinstres
 ,euyouth_osm
 ,aphsa1
 ,ecoangelhsu
 ,fraternalwriter
 ,amandine_rcr
 ,otternyatlaw
 ,taekwondocymru
 ,innoenergybn
 ,ministergaywin
 ,naiasdetroit
 ,iesausiasgandia
 ,sgilmoredist11
 ,cltgov
 ,sharedusecntr
 ,alstom
 ,tomtomdevs
 ,weynatten
 ,joinetma
 ,nurobots
 ,cityoftampa
 ,sidleylaw
 ,calstart
 ,hypori_vm
 ,uop_ccj
 ,columbialight
 ,mhnra_forchuk
 ,penalosa_g
 ,usgbc
 ,fenews
 ,tripsparktech
 ,needthese
 ,investatlanta
 ,luminatelmi
 ,agoraverkehr
 ,linkuscolumbus
 ,yasarunieuc
 ,amodo_iot
 ,dywnh_skills
 ,francis_rojo_
 ,ukinmalaysia
 ,selfdrivingc
 ,aseforg
 ,ashrandums
 ,wvaeu
 ,cityoftampa
 ,lisa_swgosforth
 ,thunderboltsix
 ,bimedotcom
 ,the_acu
 ,gregohan77
 ,mridulya
 ,anjakeister
 ,tomgorman123
 ,prpnews
 ,kpmgmexico
 ,ridereport
 ,rossbaruzzini
 ,17forward86
 ,borrisokanecc
 ,borrisokanecc
 ,pfnca
 ,reginaclewlow
 ,arvindvijh
 ,chrisjherndon
 ,trapezegroup
 ,sehit_fen
 ,hypori_vm
 ,plannergaby
 ,hypori_vm
 ,move_event
 ,martyngmorris
 ,pinkcreamjae
 ,slimmingworld
 ,the_acu
 ,souvik_dey88
 ,aiacnj
 ,martyngmorris
 ,ucam_global
 ,compostelagroup
 ,ucam_opri
 ,mkumar52154228
 ,mirandaforward6
 ,populus_ai
 ,ambergrewal
 ,isoc_live
 ,sandag
 ,annenbergcargc
 ,aphsa1
 ,veryepicwizard
 ,iorworld
 ,blueprintia2020
 ,hypori_vm
 ,yyctransport
 ,cityofcalgary
 ,destl_info
 ,sdcaltrans
 ,parkwoodinstres
 ,senegambiansg
 ,clearflameeng
 ,qcomresearch
 ,calstart
 ,parametrix_inc
 ,cristianapino
 ,jessleighjones1
 ,davidzipper
 ,numoalliance
 ,bristolig
 ,needthese
 ,vdauntdeloitte
 ,itsestonia
 ,barbarazadravel
 ,profspickering
 ,unc_press
 ,faradayfuture
 ,needthese
 ,assureuas
 ,sandag
 ,cityoftampa
 ,azpublicmedia
 ,idiversesync
 ,aa_stabilisiert
 ,automobilityla
 ,sincusa
 ,rsvl_transit
 ,thinkers50
 ,myfdot_sefl
 ,blueprintia2020
 ,als_nne
 ,wmnetwork
 ,mapcmetroboston
 ,saintscollege
 ,cristina_fiware
 ,headlinemediapr
 ,ndomiddlesex
 ,iesausiasgandia
 ,martyngmorris
 ,aiya_national
 ,mguerrerowsac
 ,sdclimatenetwrk
 ,acicis
 ,swoop_aero
 ,cityofwestsac
 ,mariannmeedward
 ,gordonachaffin
 ,street__justice
 ,ddotdc
 ,indiana_edc
 ,seekingalpha
 ,may_mobility
 ,hammerstonemar3
 ,rta_chicago
 ,connectpointdig
 ,sandag
 ,nadomagala
 ,autodesku
 ,_shattabandle
 ,globbalconnect
 ,hypori_vm
 ,ncsventures
 ,gregorydevans
 ,iajunews
 ,m157q_news_rss
 ,feedastn
 ,estream_studios
 ,flashparking
 ,move_event
 ,saedetroit
 ,vanierinstitute
 ,drlucascholz
 ,latamobility
 ,janfromthebruce
 ,kargerkrista
 ,cpteensuk
 ,robodowd
 ,compostelagroup
 ,acicis
 ,kura_yuuchann
 ,myfdot_sefl
 ,kinesia_pilates
 ,pozezjcc
 ,ltadpartners
 ,englandnetball
 ,overhaulinc
 ,mazarsinus
 ,mazarsinus
 ,thecilofficial
 ,katherinemangan
 ,gallupedc
 ,nycetc_org
 ,fiu
 ,erasmusnomi
 ,mobilityfrkids
 ,brownejacobson
 ,electricroadmap
 ,move_event
 ,wbg_transport
 ,renatajlopes
 ,maas_alliance
 ,juanfrandma
 ,candriam
 ,hur1969
 ,pagepgp
 ,juanfrandma
 ,hmte_unpad
 ,augmented_city
 ,ideafit
 ,cbdynamix
 ,pozezjcc
 ,taghouston
 ,ministergaywin
 ,borrisokanecc
 ,itkan_chicago
 ,viviiingo
 ,ministergaywin
 ,ministergaywin
 ,kumarrohit574
 ,smontigaud
 ,eudyzerpa
 ,pbambridge
 ,crosslinkerai
 ,melskitrading
 ,cityoftampa
 ,launchtn
 ,achievethedream
 ,gentherm
 ,suriyasubraman
 ,milocamj
 ,kingnormies
 ,hedyfry
 ,mazarsinus
 ,knoxtpo
 ,blueprintia2020
 ,n_ripmeester
 ,evtrading
 ,upstreamauto
 ,earlymobility1
 ,manpree31938145
 ,iauintoffice
 ,move_event
 ,ey_automotive
 ,brownejacobson
 ,mazarsgroup
 ,bengubostanci
 ,crosslinkerai
 ,oleeo_
 ,kierconstruct
 ,snglr3
 ,tehnopol
 ,vda_online
 ,chonkypupperina
 ,iauerasmus
 ,acicis
 ,ukprwire
 ,euprwire
 ,clickpresshq
 ,utm_i
 ,naiasdetroit
 ,cglacroix
 ,remsaofficial
 ,accessboard
 ,forumea
 ,geaugalibrary
 ,ediscompany
 ,rossbaruzzini
 ,northern_bi
 ,oraclehosp
 ,transdevna
 ,nbaa
 ,fernandomgalan
 ,swedeninee
 ,charnwoodbc
 ,boschfrance
 ,allstocknews
 ,stocknewsbot2
 ,crweworld
 ,stock_titan
 ,mamarose84
 ,the_acu
 ,_cpsl
 ,covuniresearch
 ,bengubostanci
 ,sallyeaves
 ,acicis
 ,emuni
 ,joerigalas
 ,interculturalts
 ,groupofeight
 ,edwardbolen
 ,cityburlington
 ,jolymacfie
 ,isoc_live
 ,lenaweenow
 ,parkwoodinstres
 ,mhnra_forchuk
 ,saeintl
 ,novaunl
 ,unesco_iesalc
 ,coralspringsfl
 ,activecharnwood
 ,tamk_uas
 ,hypori_vm
 ,grvc_us
 ,myfdot_sefl
 ,notredameenergy
 ,rowenaa
 ,lifefitwellness
 ,otonomo_
 ,cityoftampa
 ,ot_vpresearch
 ,thespacshack
 ,bengubostanci
 ,mamarose84
 ,bengubostanci
 ,bengubostanci
 ,ahlfeldt
 ,synergyh2020
 ,furkj
 ,move_event
 ,ent_mobility_au
 ,teachereducati5
 ,diando70
 ,futurecar_media
 ,sarissasays
 ,bancorepublica
 ,mamarose84
 ,joinetma
 ,bob04183396
 ,icpsrsummer
 ,hypori_vm
 ,myfdot_sefl
 ,onemettel
 ,parkwoodinstres
 ,mhnra_forchuk
 ,mariannmeedward
 ,numoalliance
 ,clusteree
 ,medwayhyundai
 ,twhyundai
 ,josh_deegan
 ,cassiopeia_ltd
 ,bosch_ai
 ,opportunitydesk
 ,elautoclave
 ,kescholarship
 ,enterprisecon
 ,austageagenda
 ,ppnumba1
 ,boob_ology
 ,adefensenews
 ,masssupport_org
 ,ophthopedia
 ,einsoftwarenews
 ,cs_autoteam
 ,hypori_vm
 ,semiconex
 ,gallupedc
 ,melissajboggan
 ,myfdot_sefl
 ,mazarsgroup
 ,ibigroup
 ,wrirosscities
 ,erlangsolutions
 ,cityoftampa
 ,mobilitydataio
 ,kristenb01
 ,edufi_highered
 ,danielastel
 ,kevin_odonovan
 ,igefso
 ,socialmedia_car
 ,moveoneinc
 ,bykko_au
 ,melskitrading
 ,hoopheadspod
 ,abruzzoconnect
 ,smartcitiesw
 ,willowa2
 ,francishumes14
 ,hikingskiing
 ,hoopheadspod
 ,dieterpscheidl
 ,ey_automotive
 ,barneyfarmer
 ,reviewregional
 ,emcsacongress
 ,memadc
 ,thebtmo
 ,aphfortheblind
 ,missjodic1
 ,candorailltd
 ,hypori_vm
 ,shari_scholte
 ,cityoftampa
 ,hoopheadspod
 ,hamiltonecdev
 ,wwwbhta
 ,aphfortheblind
 ,relocatemag
 ,yptvoice
 ,parkwoodinstres
 ,mhnra_forchuk
 ,ync_ozturk
 ,__oliviagordon
 ,humanvers2
 ,ampere_ev
 ,ofreforma
 ,malvernhills_dc
 ,david_patto
 ,the_mover_mag
 ,unicologneio
 ,liliangreenwood
 ,acicis
 ,robust_vehicles
 ,acicis
 ,unsw
 ,freddyb08
 ,autocarpro
 ,nasaaero
 ,ashleyinnrv
 ,j_single12
 ,j_single12
 ,ot_alumni
 ,linkuscolumbus
 ,hypori_vm
 ,kasimreed
 ,lsheltongross
 ,tarapaca247
 ,hoopheadspod
 ,speakup_broward
 ,a11ynews
 ,myfdot_sefl
 ,armineyalnizyan
 ,phillipfarris1
 ,mohu_centre
 ,randymiller_ey
 ,ey_automotive
 ,azmibinanuar
 ,tke_global
 ,71altay
 ,ibaevents
 ,ietfindia
 ,bocciaengland
 ,ibaevents
 ,brerbear
 ,autocarpro
 ,unkhoolist
 ,pavecampaign
 ,airmobilitycmd
 ,pavecampaign
 ,tamuchhp1
 ,bikewalkbus
 ,myfdot_sefl
 ,chrisjherndon
 ,katrinawte
 ,hoopheadspod
 ,hypori_vm
 ,numoalliance
 ,aphfortheblind
 ,pavecampaign
 ,ey_automotive
 ,lifefitwellness
 ,chunschofsky
 ,the_acu
 ,autocarindiamag
 ,mlbelem
 ,mobilitymi
 ,autocarpro
 ,ibaevents
 ,automobilsport
 ,pilatesbyruth
 ,sharmilart
 ,si_nfpa
 ,lanniespencer4
 ,newsfilterio
 ,evergreenford
 ,nurobots
 ,otcdynamics
 ,crweworld
 ,stock_titan
 ,planetizen
 ,mathseverywher1
 ,drivingma4ward
 ,calbike
 ,aydangulerce
 ,drokeye
 ,hypori_vm
 ,haltech_ric
 ,ounikola
 ,quantumscapeco
 ,deslogeslaw
 ,soldieroncan
 ,hoopheadspod
 ,grupo_panorama
 ,luum
 ,relocatemag
 ,cityoftampa
 ,orilliaprc
 ,byadavbjp
 ,purplebeargrou1
 ,linkuscolumbus
 ,pavecampaign
 ,motorinfosys
 ,mc_optiontrades
 ,71altay
 ,croacfire
 ,turbochargedmag
 ,klasgroup
 ,carindia
 ,hyundai_uk_pr
 ,acimagazine
 ,cvmagazine
 ,robust_vehicles
 ,ministergaywin
 ,nnasoffiya
 ,jatomexico
 ,liveyourlife_pt
 ,cadecunninghamc
 ,ipminow
 ,picksbyshap
 ,malvernhills_dc
 ,drokeye
 ,hypori_vm
 ,aphfortheblind
 ,move_event
 ,aftvitaliy
 ,timslusser
 ,smallcapsdaily
 ,cityoftampa
 ,latamobility
 ,un_mappers
 ,commonpurpose
 ,ihsmarkit
 ,pavecampaign
 ,euyouth_osm
 ,ipminow
 ,aphfortheblind
 ,carlosthepap
 ,canembdr
 ,wwwbhta
 ,eurodesk
 ,rtcnorth
 ,odileeds
 ,lhnug
 ,yesicanstayfit
 ,otcdynamics
 ,marketwn
 ,crweworld
 ,stckpro
 ,newsfilterio
 ,marketchmln
 ,frontneurol
 ,chcayyc
 ,thereadystate
 ,thereadystate
 ,ibaevents
 ,bikewalkbus
 ,erasmusvillage
 ,aphfortheblind
 ,aohereng
 ,robopreneur
 ,tinabit
 ,grace_sourcer
 ,dellemcstorage
 ,spectrum_db
 ,peterdobler
 ,doblerco
 ,tafadzwagutsa
 ,maille_f
 ,australianarmy
 ,joml76
 ,hypori_vm
 ,marketchmln
 ,hoopheadspod
 ,canadaperu
 ,virtual_dom
 ,theapricotcider
 ,aphfortheblind
 ,pasajero7
 ,enterprisecon
 ,clehousingcourt
 ,bleeloganberg
 ,malvernhills_dc
 ,markkremers6
 ,mkbess
 ,clarkpacific
 ,automotores_inf
 ,hoopheadspod
 ,canembpanama
 ,simplenexus
 ,ubc_cogmoblab
 ,chrisjherndon
 ,adam_evans0310
 ,automotores_inf
 ,sincusa
 ,automotiveworld
 ,canembpanama
 ,hypori_vm
 ,miragenewscom
 ,pavecampaign
 ,numoalliance
 ,spectrum_db
 ,peterdobler
 ,doblerco
 ,voltrek_llc
 ,unesco_iesalc
 ,phoenixparkopw
 ,kinstellaro
 ,alisontaysum
 ,gaebel_michael
 ,ubcmigration
 ,compostelagroup
 ,newsfilterio
 ,tfitb
 ,newsfilterio
 ,autocarpro
 ,coachgreen21
 ,transporteinfo
 ,transporteinfo
 ,acicis
 ,hoopheadspod
 ,suiteamerica
 ,otcdynamics
 ,allstocknews
 ,societyforepi
 ,labctweets
 ,crweworld
 ,stock_titan
 ,yvonnepilon
 ,mobilitymi
 ,gfcwalterstown
 ,hypori_vm
 ,hypori_vm
 ,northern_bi
 ,transporteinfo
 ,automotores_inf
 ,autosmemolira
 ,pressandguide
 ,opwireland
 ,matymad
 ,thebeat_co
 ,automotiveworld
 ,stlccworkforce
 ,minamperu
 ,needthese
 ,rmovilidad3
 ,amaveasociacion
 ,canembcrhnni
 ,myfdot_sefl
 ,fuzzyone10
 ,sc_innovation
 ,latamobility
 ,gadgetsmagazine
 ,aphfortheblind
 ,patrickoriordan
 ,pavecampaign
 ,pavecampaign
 ,picante_media
 ,newsfrombw
 ,stock_titan
 ,autocarpro
 ,eurotechua
 ,autocarpro
 ,valmetglobal
 ,_lucbontemps
 ,amma_aboagye
 ,energiahoy
 ,auroragov
 ,alcamiinteract
 ,hypori_vm
 ,49bespoke
 ,transporteinfo
 ,mulla_talk
 ,hoopheadspod
 ,transporteinfo
 ,devitopi
 ,numoalliance
 ,automaniapr
 ,moballisephysio
 ,transporteinfo
 ,hypori_vm
 ,spectrum_db
 ,peterdobler
 ,dipnotz
 ,doblerco
 ,ctransp
 ,crweworld
 ,techinitiatives
 ,stlcccorporate
 ,thebeatapp
 ,rmovilidad3
 ,amaveasociacion
 ,agjoseluis1
 ,stckpro
 ,allstocknews
 ,latamobility
 ,otcdynamics
 ,newsfilterio
 ,canembsv
 ,asanewsonline
 ,marisalally
 ,autocarpro
 ,hrgrapevine
 ,pavecampaign
 ,unesco_iesalc
 ,vrinda2211
 ,canadainbelize
 ,canembguatemala
 ,opwireland
 ,industrialveth2
 ,tradegovukdeu
 ,een_switzerland
 ,aftodioikision
 ,autocarpro
 ,devitopi
 ,canembmexico
 ,iusaem
 ,hamiltonecdev
 ,unesco_iesalc
 ,modoumcham
 ,iilatam
 ,hoopheadspod
 ,canembcrhnni
 ,theelizbrody
 ,emmasabzalieva
 ,kdawnseven
 ,hypori_vm
 ,canadatunisia
 ,drcogorg
 ,gpcog207
 ,hypori_vm
 ,ubc_cogmoblab
 ,thegreencabsa
 ,basfcanada
 ,helloalicepr
 ,cofomobility
 ,thebeatapp
 ,move_event
 ,mpocdtc
 ,t2systemsinc
 ,climatalliance
 ,kelvingary
 ,saedetroit
 ,manmetcareers
 ,71altay
 ,iauerasmus
 ,emcsacongress
 ,qubbloodcancer
 ,relocatemag
 ,wmgbusiness
 ,wwwthiiscouk
 ,hrgrapevine
 ,theaigroup
 ,apacnewsnetwork
 ,tsiafouli
 ,prof_suma
 ,acgarizona
 ,nomabid
 ,hoopheadspod
 ,canadatunisia
 ,futurecar_media
 ,tecnogusblog
 ,numoalliance
 ,davemc99ta
 ,thebeatapp
 ,saeintl
 ,storedotltd
 ,sthwellbeing
 ,wwwthiiscouk
 ,storedotltd
 ,canhckenya
 ,canadainrwanda
 ,dyw_northeast
 ,dmitrii_grishin
 ,irvin3elligan
 ,docklessbikeman
 ,hoopheadspod
 ,oscarco81074367
 ,canembmorocco
 ,daniel78254574
 ,zurcherart
 ,selfdrivingfeed
 ,nasa_technology
 ,hoopheadspod
 ,ietfindia
 ,cryptoseq
 ,cryptoseq
 ,idealmagn3t
 ,jorisdinca
 ,kevinednie
 ,amckpr
 ,capuano
 ,graduadosuq
 ,canadatunisia
 ,hypori_vm
 ,lamarcisd
 ,fleetowner
 ,employerlinksx
 ,canembbelux
 ,hoopheadspod
 ,hrgrapevine
 ,gartner_pi
 ,relocatemag
 ,digiexpo1
 ,crescendoworld
 ,ne8883
 ,businessmalta
 ,brucegaravito
 ,technocio
 ,enterprisecon
 ,hypori_vm
 ,canembmorocco
 ,juliangrangerb
 ,yasminakhter94
 ,mobilityworks
 ,bootstraplabs
 ,wustlnews
 ,5tonic
 ,cowen_inc
 ,greenspiegelus
 ,mariacasalribe2
 ,thinkers360
 ,mariacasalribe2
 ,hoopheadspod
 ,5tonic
 ,canembdr
 ,ambstephanedion
 ,relocatemag
 ,mychordant
 ,dotrph
 ,hrgrapevine
 ,pembertonsimon
 ,elmelegey
 ,imstechhq
 ,kristel_zilmer
 ,westsyduics
 ,indiant_edition
 ,portalmobilize
 ,zynch_mx
 ,canembdr
 ,itpfed
 ,cioqueen
 ,cioqueen
 ,detroitaero
 ,swardley
 ,mariannmeedward
 ,cleanenergy21
 ,sandag
hypori_vm, 
 ,hypori_vm
 ,numoalliance
 ,michiganuxpa
 ,ey_switzerland
 ,stevekrich
 ,hdmadialogue
 ,carleton_intl
 ,_5gmobix
 ,canadanobrasil
 ,canadabrazil
 ,frontlistin
 ,geonorth4
 ,hoopheadspod
 ,tucc_official
 ,ahsdyw
 ,followcii
 ,sensecharity
 ,move_event
 ,acimagazine
 ,fabian_niesen
 ,pillex702x
 ,pilatesbyruth
 ,canadalebanon
 ,siamindia
 ,siamindia
 ,indiaesa
 ,hoopheadspod
 ,hibabibrahim
 ,sandag
 ,alopez_pdx
 ,gttsolutions
 ,innocorp_ltd
 ,housingworksatx
 ,zenworksyoga
 ,canadacolombia
 ,tnrights
 ,dr_eren_korkmaz
 ,gttsolutions
 ,canembmorocco
 ,forthmobility
 ,hypori_vm
 ,cotabus
 ,hypori_vm
 ,canadatunisia
 ,acmwillowrun
 ,catalanarts
 ,fabfultonbk
 ,aslaoregon
 ,y_e_scheme
 ,djlonergan
 ,ibaevents
 ,amritaedu
 ,evtolinsights
 ,caocaomobility
 ,techbharat_org
 ,hoopheadspod
 ,rqzmclimate
 ,realdavidbernat
 ,acgarizona
 ,mhi2003
 ,columbialight
 ,markw_meier
 ,gttsolutions
 ,uscspdx
 ,canadatunisia
 ,texas5galliance
 ,virginiadowney8
 ,caravan_theatre
 ,brownuniversity
 ,saa_auto
 ,hmcgibbon
 ,latamgreen
 ,indiaesa
 ,dywayrshire
 ,dywscot
 ,mscactions
 ,iiitsc
 ,mastiffmansion
 ,amy_k_sanders
 ,hoopheadspod
 ,babcock_john
 ,zenworksyoga
 ,electricdrive
 ,ackocher
 ,kabiramobility
 ,canembmorocco
 ,euthopia21
 ,anapiquerpiriz
 ,orlandocabrerac
 ,hypori_vm
 ,washoecounty
 ,_patricenavarro
 ,bongersjacob
 ,elena_ortiz
 ,apseacanada
 ,hoopheadspod
 ,monicamcalister
 ,borrisokanecc
 ,canadatunisia
 ,cargroup
 ,mobileomi
 ,hypori_vm
 ,magnaint
 ,5tonic
 ,bielikovavivien
 ,bielikovavivien
 ,bielikovavivien
 ,bielikovavivien
 ,gishomo
 ,femioke
 ,_solarenergy
 ,canembmorocco
 ,outandaboutuk
 ,deafwayorg
 ,ndsaviation
 ,abrmag
 ,smartvillageli1
 ,enterprisecon
 ,henrikfisker
 ,indeeliftinc
 ,bikewalkbus
 ,hoopheadspod
 ,hypori_vm
 ,hypori_vm
 ,canembmorocco
 ,kjoymc
 ,thereadystate
 ,cbt_innovation
 ,thebicindiana
 ,richardsoncoc
 ,aashtospeaks
 ,goglobaluoy
 ,hdmadialogue
 ,nickrhart
 ,nycparks
 ,arc_ct
 ,pavecampaign
 ,imstechhq
 ,headlinemediapr
 ,autonomy
 ,dielio
 ,canadainrwanda
 ,canhckenya
 ,f_darlington
 ,swissembassycz
 ,cdia_asia
 ,avgregr
 ,hypori_vm
 ,eucenter
 ,pavecampaign
 ,motorpuntoes
 ,cotabus
 ,hoopheadspod
 ,derekkerton
 ,pavecampaign
 ,jesuitnetwork
 ,britvic
 ,motorpuntoes
 ,sandstonemac
 ,canadacameroon
 ,canembbfa
 ,ddil_de
 ,canadainliberia
 ,canembci
 ,canadaguinea
 ,canembmali
 ,onthemoveotm
 ,ofsomerville
 ,numoalliance
 ,pavecampaign
 ,cities_today
 ,bnpparibascib
 ,coimbragroup
 ,merakiprojectes
 ,martinhaigh
 ,simonharristd
 ,loansmobility
 ,canadacolombia
 ,ballardpwr
 ,visartsireland
 ,hoopheadspod
 ,canembmorocco
 ,pavecampaign
 ,hypori_vm
 ,acgarizona
 ,canadatunisia
 ,jorgeas09393178
 ,aashtosean
 ,00piep
 ,stariet
 ,cprof_works
 ,teachereducati5
 ,sustainableices
 ,mariannmeedward
 ,latamobility
 ,botonessalgado
 ,deirdre_desmond
 ,canadaethiopia
 ,ibaevents
 ,ulster_alumni
 ,actglobcitizen
 ,maas_alliance
 ,chillibean2018
 ,audreysizemore1
 ,auroragov
 ,energysystemsnk
 ,gadgetsmagazine
 ,daniabeachfl
 ,lisc_philly
 ,cityofdeltabc
 ,almittnik
 ,scienceofpd
 ,hoopheadspod
 ,williapm
 ,169us
 ,canadatunisia
 ,hypori_vm
 ,crewhouston1
 ,pavecampaign
 ,columbialight
 ,resilienttgthr
 ,canembmorocco
 ,swissembassyind
 ,canadalebanon
 ,sensecharity
 ,the_mover_mag
 ,covestro
 ,moraviandigital
 ,hoopheadspod
 ,exetercct
 ,thereadystate
 ,yyctransport
 ,the_hindu
 ,gdnonline
 ,hoopheadspod
 ,sureshgeorge
 ,medinajeanfran2
 ,eu_conexus
 ,needthese
 ,zapmobile
 ,dispatch_dd
 ,may_mobility
 ,peninsulaqatar
 ,pavecampaign
 ,pavecampaign
 ,gregginyyc
 ,ummtnursing
 ,cityofcalgary
 ,podonovan
 ,mikaesaarinen
 ,canadatunisia
 ,hypori_vm
 ,hypori_vm
 ,brownuresearch
 ,ecas_europe
 ,nnuitcoeptis
 ,llmteam
 ,egmarkets
 ,iceworl84241583
 ,shehzadyounis
 ,hoopheadspod
 ,canadainalbania
 ,canadainalbania
 ,sebastien__gros
 ,pavecampaign
 ,pavecampaign
 ,canadainitaly
 ,elysium3d
 ,digiexpo1
 ,cmimarseille
 ,themahaiwe
 ,swissambsgp
 ,hoopheadspod
 ,aandjmobility
 ,hopkinsamp
 ,bicyclecolo
 ,mywayaccess
 ,mathseverywher1
 ,hypori_vm
 ,chicagosae
 ,hypori_vm
 ,swissembcanada
 ,amplypower
 ,sirvaworldwide
 ,cerenceinc
 ,handbuiltcity
 ,commons_prjct
 ,greenspiegelus
 ,railwaygazette
 ,ferrovial
 ,aldohouterman
 ,lmindianews
 ,ey_switzerland
 ,alexisdirkmaat
 ,pavecampaign
 ,iqie28
 ,digiexpo1
 ,digiexpo1
 ,iavi
 ,hadzafadhli
 ,hoopheadspod
 ,detroitregional
 ,airproducts
 ,hllifesciences
 ,londonedc
 ,crewhouston1
 ,onevisionary
 ,benpullenergy
 ,tellennium
 ,gvftma
 ,hypori_vm
 ,hypori_vm
 ,advantageoak
 ,jackbenedwards
 ,sundbergferar
 ,ectrinews
 ,denverperfect10
 ,commons_prjct
 ,molly_ragan
 ,iilatam
 ,airproducts
 ,selectusatech
 ,drbeccawilson
 ,p_diddy_wolf
 ,p_diddy_wolf
 ,divefuture
 ,canembegypt
 ,a_richards77
 ,canadaalgeria
 ,mazarsph
 ,shared_mobility
 ,uofcincy
 ,swisscgny
 ,toyota_ai_vc
 ,hypori_vm
 ,may_mobility
 ,canadatunisia
 ,hypori_vm
 ,crtomorrow
 ,ipminow
 ,mobilitymi
 ,inside_r3
 ,americancane
 ,relocateedu
 ,michmobility
 ,mazarsgroup
 ,phdworldwide
 ,hmmhinc
 ,dagnyuog
canembfrance, 
